Handle,Title,Body (HTML),Vendor,Product Category,Type,Tags,Published,Option1 Name,Option1 Value,Variant SKU,Variant Inventory Policy,Variant Fulfillment Service,Variant Price,Variant Requires Shipping,Variant Taxable,Image Src,Image Alt Text,SEO Title,SEO Description,Status
kurumsal-web-sitesi,Kurumsal Web Sitesi,"<p>8 sayfaya kadar premium, mobil uyumlu ve SEO temelli kurumsal web sitesi.</p><h3>Kapsam</h3><ul><li>Özgün arayüz tasarımı</li><li>Mobil uyumluluk</li><li>Temel teknik SEO</li><li>İletişim ve teklif formu</li></ul><p><strong>Tahmini teslim:</strong> 3–5 hafta<br><strong>Fiyat:</strong> belirtilen kapsam için başlangıç bedelidir; sipariş sonrası kısa keşif görüşmesiyle kapsam birlikte kesinleştirilir.</p>",Nextosoft,Software,Web,"Web, dijital hizmet, 3–5 hafta",TRUE,Title,Default Title,NXT-01,continue,manual,29900,FALSE,TRUE,https://raw.githubusercontent.com/suleymancokyigit/nextosoft-shopify/master/urunler/NXT-01.jpg,Kurumsal Web Sitesi,Kurumsal Web Sitesi | Nextosoft,"8 sayfaya kadar premium, mobil uyumlu ve SEO temelli kurumsal web sitesi.",active
e-ticaret-baslangic,E-Ticaret Başlangıç,<p>Ürünlerinizi çevrimiçi satmaya başlamanız için ödeme ve kargo altyapılı mağaza.</p><h3>Kapsam</h3><ul><li>50 ürüne kadar giriş</li><li>Sepet ve ödeme altyapısı</li><li>Sipariş yönetimi</li><li>Kargo entegrasyonuna hazır</li></ul><p><strong>Tahmini teslim:</strong> 4–7 hafta<br><strong>Fiyat:</strong> belirtilen kapsam için başlangıç bedelidir; sipariş sonrası kısa keşif görüşmesiyle kapsam birlikte kesinleştirilir.</p>,Nextosoft,Software,Web,"Web, dijital hizmet, 4–7 hafta",TRUE,Title,Default Title,NXT-02,continue,manual,44900,FALSE,TRUE,https://raw.githubusercontent.com/suleymancokyigit/nextosoft-shopify/master/urunler/NXT-02.jpg,E-Ticaret Başlangıç,E-Ticaret Başlangıç | Nextosoft,Ürünlerinizi çevrimiçi satmaya başlamanız için ödeme ve kargo altyapılı mağaza.,active
seo-baslangic-paketi,SEO Başlangıç Paketi,<p>Arama görünürlüğünüzü güçlendiren teknik analiz ve ilk 90 günlük yol haritası.</p><h3>Kapsam</h3><ul><li>Teknik SEO taraması</li><li>Anahtar kelime araştırması</li><li>Sayfa optimizasyonları</li><li>90 günlük aksiyon planı</li></ul><p><strong>Tahmini teslim:</strong> 10 iş günü<br><strong>Fiyat:</strong> belirtilen kapsam için başlangıç bedelidir; sipariş sonrası kısa keşif görüşmesiyle kapsam birlikte kesinleştirilir.</p>,Nextosoft,Software,Büyüme,"Büyüme, dijital hizmet, 10 iş günü",TRUE,Title,Default Title,NXT-03,continue,manual,12500,FALSE,TRUE,https://raw.githubusercontent.com/suleymancokyigit/nextosoft-shopify/master/urunler/NXT-03.jpg,SEO Başlangıç Paketi,SEO Başlangıç Paketi | Nextosoft,Arama görünürlüğünüzü güçlendiren teknik analiz ve ilk 90 günlük yol haritası.,active
google-ads-kurulum,Google Ads Kurulum,"<p>Ölçümleme, dönüşüm takibi ve doğru kampanya mimarisiyle profesyonel başlangıç.</p><h3>Kapsam</h3><ul><li>Hesap ve kampanya kurulumu</li><li>Dönüşüm takibi</li><li>Negatif kelime planı</li><li>İlk optimizasyon</li></ul><p><strong>Tahmini teslim:</strong> 7 iş günü<br><strong>Fiyat:</strong> belirtilen kapsam için başlangıç bedelidir; sipariş sonrası kısa keşif görüşmesiyle kapsam birlikte kesinleştirilir.</p>",Nextosoft,Software,Büyüme,"Büyüme, dijital hizmet, 7 iş günü",TRUE,Title,Default Title,NXT-04,continue,manual,9900,FALSE,TRUE,https://raw.githubusercontent.com/suleymancokyigit/nextosoft-shopify/master/urunler/NXT-04.jpg,Google Ads Kurulum,Google Ads Kurulum | Nextosoft,"Ölçümleme, dönüşüm takibi ve doğru kampanya mimarisiyle profesyonel başlangıç.",active
sosyal-medya-tasarim-paketi,Sosyal Medya Tasarım Paketi,"<p>Markanız için tutarlı, profesyonel ve yeniden kullanılabilir sosyal medya seti.</p><h3>Kapsam</h3><ul><li>12 gönderi tasarımı</li><li>6 hikâye tasarımı</li><li>İçerik şablonları</li><li>Kaynak dosya teslimi</li></ul><p><strong>Tahmini teslim:</strong> 12 iş günü<br><strong>Fiyat:</strong> belirtilen kapsam için başlangıç bedelidir; sipariş sonrası kısa keşif görüşmesiyle kapsam birlikte kesinleştirilir.</p>",Nextosoft,Software,İçerik,"İçerik, dijital hizmet, 12 iş günü",TRUE,Title,Default Title,NXT-05,continue,manual,14900,FALSE,TRUE,https://raw.githubusercontent.com/suleymancokyigit/nextosoft-shopify/master/urunler/NXT-05.jpg,Sosyal Medya Tasarım Paketi,Sosyal Medya Tasarım Paketi | Nextosoft,"Markanız için tutarlı, profesyonel ve yeniden kullanılabilir sosyal medya seti.",active
marka-kimligi-baslangic,Marka Kimliği Başlangıç,<p>Yeni veya yenilenen markalar için temel görsel kimlik ve kullanım sistemi.</p><h3>Kapsam</h3><ul><li>Logo iyileştirme</li><li>Renk ve tipografi</li><li>Mini marka kılavuzu</li><li>Kurumsal doküman seti</li></ul><p><strong>Tahmini teslim:</strong> 3 hafta<br><strong>Fiyat:</strong> belirtilen kapsam için başlangıç bedelidir; sipariş sonrası kısa keşif görüşmesiyle kapsam birlikte kesinleştirilir.</p>,Nextosoft,Software,Tasarım,"Tasarım, dijital hizmet, 3 hafta",TRUE,Title,Default Title,NXT-06,continue,manual,17500,FALSE,TRUE,https://raw.githubusercontent.com/suleymancokyigit/nextosoft-shopify/master/urunler/NXT-06.jpg,Marka Kimliği Başlangıç,Marka Kimliği Başlangıç | Nextosoft,Yeni veya yenilenen markalar için temel görsel kimlik ve kullanım sistemi.,active
mobil-uygulama-kesif-paketi,Mobil Uygulama Keşif Paketi,"<p>Uygulama fikrinizi teknik mimari, ekran akışı ve geliştirme planına dönüştürür.</p><h3>Kapsam</h3><ul><li>Ürün kapsamı</li><li>Kullanıcı akışları</li><li>Teknik mimari</li><li>Bütçe ve zaman planı</li></ul><p><strong>Tahmini teslim:</strong> 2 hafta<br><strong>Fiyat:</strong> belirtilen kapsam için başlangıç bedelidir; sipariş sonrası kısa keşif görüşmesiyle kapsam birlikte kesinleştirilir.</p>",Nextosoft,Software,Yazılım,"Yazılım, dijital hizmet, 2 hafta",TRUE,Title,Default Title,NXT-07,continue,manual,19900,FALSE,TRUE,https://raw.githubusercontent.com/suleymancokyigit/nextosoft-shopify/master/urunler/NXT-07.jpg,Mobil Uygulama Keşif Paketi,Mobil Uygulama Keşif Paketi | Nextosoft,"Uygulama fikrinizi teknik mimari, ekran akışı ve geliştirme planına dönüştürür.",active
ai-otomasyon-baslangic,AI Otomasyon Başlangıç,<p>Tekrarlayan bir iş sürecinizi güvenli ve ölçülebilir AI otomasyonuna dönüştürün.</p><h3>Kapsam</h3><ul><li>Süreç analizi</li><li>Tek otomasyon akışı</li><li>Kurumsal veri bağlantısı</li><li>Kullanım eğitimi</li></ul><p><strong>Tahmini teslim:</strong> 3–4 hafta<br><strong>Fiyat:</strong> belirtilen kapsam için başlangıç bedelidir; sipariş sonrası kısa keşif görüşmesiyle kapsam birlikte kesinleştirilir.</p>,Nextosoft,Software,AI,"AI, dijital hizmet, 3–4 hafta",TRUE,Title,Default Title,NXT-08,continue,manual,24900,FALSE,TRUE,https://raw.githubusercontent.com/suleymancokyigit/nextosoft-shopify/master/urunler/NXT-08.jpg,AI Otomasyon Başlangıç,AI Otomasyon Başlangıç | Nextosoft,Tekrarlayan bir iş sürecinizi güvenli ve ölçülebilir AI otomasyonuna dönüştürün.,active
crm-kurulum-paketi,CRM Kurulum Paketi,"<p>Müşteri, fırsat ve satış süreçlerinizi tek bir düzenli sistemde yönetin.</p><h3>Kapsam</h3><ul><li>Satış hunisi tasarımı</li><li>Alan ve rol kurulumu</li><li>Veri aktarım şablonu</li><li>Ekip eğitimi</li></ul><p><strong>Tahmini teslim:</strong> 3 hafta<br><strong>Fiyat:</strong> belirtilen kapsam için başlangıç bedelidir; sipariş sonrası kısa keşif görüşmesiyle kapsam birlikte kesinleştirilir.</p>",Nextosoft,Software,İş Sistemleri,"İş Sistemleri, dijital hizmet, 3 hafta",TRUE,Title,Default Title,NXT-09,continue,manual,22500,FALSE,TRUE,https://raw.githubusercontent.com/suleymancokyigit/nextosoft-shopify/master/urunler/NXT-09.jpg,CRM Kurulum Paketi,CRM Kurulum Paketi | Nextosoft,"Müşteri, fırsat ve satış süreçlerinizi tek bir düzenli sistemde yönetin.",active
yonetici-analitik-paneli,Yönetici Analitik Paneli,<p>Kritik iş metriklerinizi tek ekranda gösteren canlı yönetim panosu.</p><h3>Kapsam</h3><ul><li>1 veri kaynağı</li><li>10 temel metrik</li><li>Mobil uyumlu panel</li><li>PDF rapor çıktısı</li></ul><p><strong>Tahmini teslim:</strong> 2–3 hafta<br><strong>Fiyat:</strong> belirtilen kapsam için başlangıç bedelidir; sipariş sonrası kısa keşif görüşmesiyle kapsam birlikte kesinleştirilir.</p>,Nextosoft,Software,Veri,"Veri, dijital hizmet, 2–3 hafta",TRUE,Title,Default Title,NXT-10,continue,manual,16900,FALSE,TRUE,https://raw.githubusercontent.com/suleymancokyigit/nextosoft-shopify/master/urunler/NXT-10.jpg,Yönetici Analitik Paneli,Yönetici Analitik Paneli | Nextosoft,Kritik iş metriklerinizi tek ekranda gösteren canlı yönetim panosu.,active
